Date,Product Category,Product Name,Sales Amount,Units Sold,Region,Salesperson
2023-12-05,Apparel,Vegetables,932,9,East,Melissa Anderson
2023-12-05,Electronics,Headphones,1218,6,East,Amanda Bowman
2023-12-06,Apparel,Dress,582,17,West,Melissa Anderson
2023-12-07,Groceries,Bread,848,8,East,Michael Phillips
2023-12-07,Electronics,Jeans,683,11,South,Keith Ayala
2023-12-07,Electronics,Dress,984,12,South,Roger Martinez
2023-12-08,Electronics,Milk,1293,19,South,Keith Ayala
2023-12-08,Groceries,Smartphone,1501,14,West,Madeline Howell
2023-12-08,Groceries,Fruits,1162,7,North,Keith Ayala
2023-12-08,Electronics,Eggs,342,2,East,Michael Phillips
2023-12-09,Apparel,Tablet,1965,10,South,Lisa Martin
2023-12-09,Electronics,Vegetables,175,4,South,Stacy Dodson
2023-12-10,Groceries,Eggs,1728,11,South,James Johnson
2023-12-10,Groceries,Tablet,1600,5,West,James Johnson
2023-12-10,Groceries,Tablet,1238,3,West,Madeline Howell
2023-12-10,Electronics,Smartphone,690,6,North,Michael Phillips
2023-12-10,Apparel,Jeans,214,17,South,Amanda Bowman
2023-12-11,Apparel,Dress,569,8,East,Stacy Dodson
2023-12-11,Groceries,Smartphone,926,6,South,Keith Ayala
2023-12-11,Apparel,Dress,914,3,South,Roger Martinez
2023-12-12,Groceries,Smartphone,1698,17,West,Lisa Martin
2023-12-13,Apparel,Laptop,1998,8,South,Stacy Dodson
2023-12-13,Apparel,Camera,1889,12,West,James Johnson
2023-12-14,Groceries,Headphones,1347,18,South,Jenna Michael
2023-12-15,Groceries,Fruits,551,19,West,Lisa Martin
2023-12-15,Groceries,Jeans,1547,8,East,Jenna Michael
2023-12-15,Electronics,Milk,566,10,South,James Johnson
2023-12-15,Groceries,Smartphone,251,5,East,Roger Martinez
2023-12-16,Groceries,Fruits,357,12,West,Stacy Dodson
2023-12-16,Groceries,Smartphone,122,5,North,Jenna Michael
2023-12-16,Apparel,Laptop,1884,1,West,Jenna Michael
2023-12-17,Apparel,Eggs,202,8,West,Lisa Martin
2023-12-17,Groceries,T-Shirt,438,4,East,Roger Martinez
2023-12-17,Apparel,Jeans,1024,11,North,Madeline Howell
2023-12-17,Apparel,Headphones,1402,9,West,Roger Martinez
2023-12-18,Electronics,Tablet,305,3,South,Amanda Bowman
2023-12-18,Electronics,Dress,454,11,North,Jenna Michael
2023-12-20,Apparel,Jeans,1800,11,West,James Johnson
2023-12-20,Apparel,T-Shirt,1669,13,South,Melissa Anderson
2023-12-20,Electronics,T-Shirt,1482,17,East,Keith Ayala
2023-12-21,Apparel,Camera,700,18,East,Roger Martinez
2023-12-21,Apparel,Bread,1329,18,South,Jenna Michael
2023-12-21,Groceries,Shoes,1001,9,West,Jenna Michael
2023-12-21,Electronics,Camera,1972,13,East,Michael Phillips
2023-12-21,Electronics,Headphones,1374,17,North,James Johnson
2023-12-21,Groceries,Fruits,1867,16,South,James Johnson
2023-12-21,Electronics,Fruits,952,5,East,Madeline Howell
2023-12-22,Apparel,Jeans,1420,16,North,Keith Ayala
2023-12-22,Groceries,Headphones,1553,4,East,Michael Phillips
2023-12-23,Groceries,Tablet,869,2,South,Madeline Howell
2023-12-24,Groceries,T-Shirt,149,16,North,Jenna Michael
2023-12-24,Apparel,Vegetables,1462,15,East,Roger Martinez
2023-12-25,Groceries,Shoes,1348,13,West,Amanda Bowman
2023-12-25,Apparel,Laptop,1823,8,West,Lisa Martin
2023-12-26,Apparel,T-Shirt,911,6,East,Keith Ayala
2023-12-26,Groceries,Milk,1387,13,East,Michael Phillips
2023-12-26,Groceries,Eggs,699,6,West,Keith Ayala
2023-12-27,Apparel,Bread,768,7,North,Amanda Bowman
2023-12-28,Electronics,Vegetables,1763,12,East,Melissa Anderson
2023-12-28,Electronics,Vegetables,612,12,South,James Johnson
2023-12-29,Apparel,Laptop,204,14,South,Roger Martinez
2023-12-29,Electronics,Milk,1947,19,North,Melissa Anderson
2023-12-29,Groceries,Tablet,1003,1,East,Michael Phillips
2023-12-30,Apparel,Headphones,49,18,North,Roger Martinez
2023-12-30,Apparel,Shoes,1436,18,South,Madeline Howell
2023-12-30,Apparel,Tablet,130,15,East,Keith Ayala
2023-12-31,Apparel,Camera,513,15,North,Melissa Anderson
2023-12-31,Apparel,Tablet,694,19,South,Melissa Anderson
2023-12-31,Groceries,Headphones,466,10,South,James Johnson
2024-01-02,Apparel,Headphones,766,15,North,Madeline Howell
2024-01-02,Apparel,Eggs,1376,11,East,Amanda Bowman
2024-01-04,Apparel,T-Shirt,308,10,East,Lisa Martin
2024-01-04,Apparel,Jacket,1536,16,West,Lisa Martin
2024-01-04,Electronics,Eggs,934,16,West,Madeline Howell
2024-01-04,Groceries,Headphones,494,2,North,Michael Phillips
2024-01-05,Apparel,Milk,1350,6,South,James Johnson
2024-01-05,Apparel,Bread,461,13,East,Lisa Martin
2024-01-06,Apparel,Vegetables,937,19,North,Madeline Howell
2024-01-06,Electronics,Headphones,648,3,East,Michael Phillips
2024-01-06,Electronics,Tablet,1836,10,South,Michael Phillips
2024-01-06,Electronics,Laptop,1316,12,South,Madeline Howell
2024-01-07,Groceries,Headphones,812,11,South,Michael Phillips
2024-01-07,Electronics,Milk,1865,15,North,Jenna Michael
2024-01-09,Apparel,Camera,897,16,North,Stacy Dodson
2024-01-09,Apparel,Shoes,26,6,South,Amanda Bowman
2024-01-09,Groceries,Jeans,1844,5,West,Melissa Anderson
2024-01-10,Apparel,Jeans,604,5,South,Stacy Dodson
2024-01-10,Groceries,Camera,830,8,East,Roger Martinez
2024-01-10,Groceries,Jacket,1153,7,South,Amanda Bowman
2024-01-11,Apparel,Bread,1092,15,East,Madeline Howell
2024-01-11,Electronics,T-Shirt,543,11,South,Melissa Anderson
2024-01-11,Groceries,Camera,1388,16,East,Melissa Anderson
2024-01-11,Apparel,Shoes,425,4,South,Michael Phillips
2024-01-12,Apparel,Laptop,1989,13,South,Melissa Anderson
2024-01-12,Electronics,Fruits,837,9,North,Madeline Howell
2024-01-13,Electronics,Fruits,1411,13,North,James Johnson
2024-01-13,Electronics,Smartphone,1683,6,North,Jenna Michael
2024-01-14,Groceries,Bread,660,18,East,Lisa Martin
2024-01-14,Groceries,Laptop,1160,9,North,Madeline Howell
2024-01-15,Groceries,T-Shirt,730,12,North,Stacy Dodson
2024-01-15,Electronics,Tablet,553,18,South,Madeline Howell
2024-01-15,Electronics,Dress,1155,2,South,Stacy Dodson
2024-01-15,Electronics,Eggs,1732,12,East,Michael Phillips
2024-01-16,Apparel,Fruits,1146,3,East,Michael Phillips
2024-01-16,Groceries,Laptop,1533,11,West,Madeline Howell
2024-01-16,Apparel,T-Shirt,1477,19,North,Madeline Howell
2024-01-17,Groceries,Eggs,157,7,East,Lisa Martin
2024-01-17,Electronics,T-Shirt,643,5,East,Amanda Bowman
2024-01-17,Electronics,Jacket,1710,18,East,Stacy Dodson
2024-01-17,Apparel,Tablet,1814,5,East,Keith Ayala
2024-01-17,Electronics,Laptop,999,17,West,Melissa Anderson
2024-01-17,Apparel,Shoes,1591,11,North,Madeline Howell
2024-01-17,Groceries,Tablet,1688,18,East,Amanda Bowman
2024-01-18,Electronics,Headphones,1112,1,South,Jenna Michael
2024-01-18,Groceries,Fruits,1752,11,North,James Johnson
2024-01-19,Apparel,Camera,1899,1,West,James Johnson
2024-01-19,Electronics,Tablet,697,12,East,Michael Phillips
2024-01-19,Apparel,Fruits,639,9,North,James Johnson
2024-01-19,Apparel,Laptop,400,6,West,Roger Martinez
2024-01-20,Apparel,Jeans,1683,16,North,Madeline Howell
2024-01-20,Electronics,Jacket,1475,4,North,Amanda Bowman
2024-01-20,Apparel,Tablet,248,13,East,Jenna Michael
2024-01-20,Apparel,Vegetables,321,15,South,James Johnson
2024-01-21,Electronics,Milk,1542,16,North,James Johnson
2024-01-21,Electronics,Shoes,904,16,South,Amanda Bowman
2024-01-21,Groceries,Bread,1657,6,East,Keith Ayala
2024-01-22,Apparel,Smartphone,347,17,West,Madeline Howell
2024-01-22,Electronics,Jacket,1315,16,West,James Johnson
2024-01-23,Groceries,Dress,1215,7,East,James Johnson
2024-01-23,Apparel,Camera,1151,12,East,Jenna Michael
2024-01-23,Electronics,Bread,1824,11,South,Stacy Dodson
2024-01-24,Electronics,Shoes,1378,13,North,Stacy Dodson
2024-01-24,Groceries,Laptop,1935,2,North,Lisa Martin
2024-01-24,Groceries,Camera,80,12,West,Stacy Dodson
2024-01-24,Groceries,Shoes,995,7,South,Lisa Martin
2024-01-24,Groceries,Smartphone,1162,3,North,Madeline Howell
2024-01-24,Electronics,Laptop,1550,13,North,James Johnson
2024-01-25,Apparel,Headphones,884,17,South,Amanda Bowman
2024-01-25,Groceries,Vegetables,1250,13,West,Melissa Anderson
2024-01-26,Apparel,Jeans,1863,5,North,Michael Phillips
2024-01-26,Groceries,Vegetables,1369,14,North,Amanda Bowman
2024-01-27,Apparel,Jacket,286,7,North,James Johnson
2024-01-27,Groceries,Shoes,437,3,North,Jenna Michael
2024-01-27,Apparel,Eggs,1620,17,North,Jenna Michael
2024-01-27,Groceries,Camera,562,15,South,Melissa Anderson
2024-01-28,Apparel,Tablet,508,9,East,Madeline Howell
2024-01-28,Groceries,Bread,1902,9,North,Michael Phillips
2024-01-29,Apparel,Jeans,376,17,South,Madeline Howell
2024-01-29,Apparel,Headphones,1522,15,South,Amanda Bowman
2024-01-29,Electronics,Jacket,70,17,West,Roger Martinez
2024-01-29,Electronics,Laptop,1098,2,West,Lisa Martin
2024-01-30,Apparel,Headphones,1448,11,East,Keith Ayala
2024-01-30,Electronics,Vegetables,471,17,West,Keith Ayala
2024-01-30,Groceries,Eggs,1847,4,South,Stacy Dodson
2024-01-31,Groceries,Shoes,1309,14,East,Jenna Michael
2024-01-31,Electronics,Eggs,1000,2,West,Jenna Michael
2024-01-31,Groceries,Headphones,1581,13,East,Jenna Michael
2024-02-01,Electronics,Jacket,170,1,South,Amanda Bowman
2024-02-01,Groceries,T-Shirt,639,16,East,Amanda Bowman
2024-02-02,Electronics,Headphones,537,16,South,Lisa Martin
2024-02-02,Electronics,T-Shirt,1011,10,South,Lisa Martin
2024-02-02,Apparel,Milk,1425,14,North,Jenna Michael
2024-02-03,Electronics,Vegetables,790,15,North,Stacy Dodson
2024-02-03,Apparel,Tablet,677,5,East,Keith Ayala
2024-02-03,Apparel,Fruits,175,1,West,Michael Phillips
2024-02-03,Electronics,Smartphone,1532,7,East,Michael Phillips
2024-02-05,Apparel,Camera,1337,4,North,Lisa Martin
2024-02-06,Apparel,Headphones,1447,7,West,James Johnson
2024-02-06,Apparel,Jeans,1825,17,North,Lisa Martin
2024-02-07,Electronics,Shoes,1402,5,North,Amanda Bowman
2024-02-07,Groceries,Jacket,347,18,South,Roger Martinez
2024-02-08,Apparel,Jeans,1211,17,East,Lisa Martin
2024-02-08,Electronics,Bread,935,15,South,Amanda Bowman
2024-02-08,Groceries,T-Shirt,1516,11,West,Keith Ayala
2024-02-08,Electronics,Jeans,1162,14,North,Madeline Howell
2024-02-09,Groceries,Fruits,1787,10,West,Madeline Howell
2024-02-09,Groceries,Jeans,867,7,North,Amanda Bowman
2024-02-10,Groceries,Bread,1897,3,West,Melissa Anderson
2024-02-10,Groceries,Milk,1678,4,South,James Johnson
2024-02-10,Groceries,Smartphone,1978,10,North,Amanda Bowman
2024-02-10,Apparel,Smartphone,767,3,East,Stacy Dodson
2024-02-10,Apparel,Fruits,444,15,East,Stacy Dodson
2024-02-11,Groceries,Headphones,1144,12,North,Madeline Howell
2024-02-11,Apparel,Vegetables,1347,7,North,Madeline Howell
2024-02-12,Electronics,Vegetables,66,6,North,Keith Ayala
2024-02-13,Groceries,Eggs,1062,7,South,James Johnson
2024-02-13,Apparel,Smartphone,1189,11,South,Roger Martinez
2024-02-13,Groceries,Camera,900,1,North,Melissa Anderson
2024-02-14,Apparel,Tablet,1483,9,West,Madeline Howell
2024-02-14,Electronics,Tablet,1847,11,South,Jenna Michael
2024-02-14,Electronics,Laptop,864,7,North,Stacy Dodson
2024-02-14,Electronics,Tablet,144,15,North,James Johnson
2024-02-14,Groceries,T-Shirt,947,2,North,Stacy Dodson
2024-02-14,Electronics,Jacket,956,2,East,Melissa Anderson
2024-02-15,Electronics,Headphones,378,9,West,Madeline Howell
2024-02-15,Groceries,Vegetables,304,11,East,Roger Martinez
2024-02-15,Apparel,Smartphone,789,11,North,Michael Phillips
2024-02-15,Apparel,Jeans,816,16,West,Keith Ayala
2024-02-17,Electronics,Camera,1047,11,South,Michael Phillips
2024-02-18,Groceries,Dress,662,7,West,Amanda Bowman
2024-02-19,Apparel,Eggs,97,17,North,Jenna Michael
2024-02-19,Groceries,Tablet,1081,2,North,Michael Phillips
2024-02-19,Electronics,Jacket,1952,14,West,Lisa Martin
2024-02-19,Electronics,Vegetables,434,3,East,Michael Phillips
2024-02-20,Groceries,Eggs,1693,10,South,James Johnson
2024-02-20,Groceries,Dress,1659,4,South,Lisa Martin
2024-02-21,Groceries,Camera,534,17,East,Amanda Bowman
2024-02-21,Apparel,Milk,1157,10,South,Stacy Dodson
2024-02-21,Electronics,Vegetables,348,13,North,Michael Phillips
2024-02-21,Electronics,Jacket,604,16,West,Amanda Bowman
2024-02-22,Apparel,Camera,1596,11,South,Stacy Dodson
2024-02-22,Apparel,Fruits,605,16,West,Roger Martinez
2024-02-22,Electronics,T-Shirt,1413,14,West,Madeline Howell
2024-02-22,Groceries,Shoes,767,17,South,James Johnson
2024-02-22,Groceries,Tablet,1167,13,North,James Johnson
2024-02-23,Apparel,Shoes,1232,5,East,Melissa Anderson
2024-02-23,Apparel,Shoes,1839,2,West,James Johnson
2024-02-23,Groceries,Vegetables,1801,19,North,Roger Martinez
2024-02-24,Apparel,Camera,162,8,North,Stacy Dodson
2024-02-24,Electronics,Headphones,973,14,North,Jenna Michael
2024-02-24,Electronics,Jeans,185,19,East,Roger Martinez
2024-02-24,Groceries,Jacket,1199,7,North,Amanda Bowman
2024-02-25,Apparel,Dress,1573,17,East,Keith Ayala
2024-02-25,Groceries,Vegetables,598,14,North,Roger Martinez
2024-02-26,Groceries,Shoes,1628,17,South,James Johnson
2024-02-26,Apparel,Tablet,384,7,West,James Johnson
2024-02-26,Electronics,Laptop,1453,17,South,Madeline Howell
2024-02-28,Apparel,Camera,118,2,East,Michael Phillips
2024-02-28,Groceries,Jeans,1647,15,East,Roger Martinez
2024-02-28,Apparel,Laptop,1452,5,East,Michael Phillips
2024-02-29,Groceries,Jeans,414,3,North,Lisa Martin
2024-02-29,Apparel,Bread,1513,13,South,Jenna Michael
2024-03-01,Electronics,Jacket,132,7,West,Jenna Michael
2024-03-01,Apparel,Laptop,340,15,West,Michael Phillips
2024-03-02,Apparel,Jacket,1484,15,East,Jenna Michael
2024-03-02,Apparel,Camera,1732,13,West,James Johnson
2024-03-03,Electronics,Milk,1518,14,North,Michael Phillips
2024-03-03,Groceries,Shoes,666,17,West,James Johnson
2024-03-03,Apparel,Smartphone,1933,16,East,Melissa Anderson
2024-03-03,Electronics,Vegetables,1588,2,West,Stacy Dodson
2024-03-03,Electronics,Jacket,617,5,West,Lisa Martin
2024-03-03,Electronics,Vegetables,1127,4,North,Keith Ayala
2024-03-03,Groceries,Bread,966,11,West,Stacy Dodson
2024-03-03,Apparel,Tablet,1491,18,North,Stacy Dodson
2024-03-03,Electronics,Jeans,1828,6,East,Roger Martinez
2024-03-04,Electronics,Jeans,1071,13,South,Amanda Bowman
2024-03-04,Electronics,Jeans,692,6,West,Melissa Anderson
2024-03-06,Electronics,Dress,227,4,North,Amanda Bowman
2024-03-06,Apparel,Fruits,868,17,South,Jenna Michael
2024-03-07,Apparel,Headphones,1265,6,North,Melissa Anderson
2024-03-07,Electronics,T-Shirt,667,15,East,James Johnson
2024-03-07,Groceries,Fruits,1958,11,East,James Johnson
2024-03-07,Electronics,Jacket,1996,19,West,Roger Martinez
2024-03-08,Groceries,Fruits,568,8,East,Melissa Anderson
2024-03-08,Groceries,Jeans,1442,6,West,Michael Phillips
2024-03-09,Groceries,Jacket,908,4,East,Michael Phillips
2024-03-09,Apparel,Eggs,107,13,East,Lisa Martin
2024-03-09,Apparel,Tablet,680,3,East,James Johnson
2024-03-10,Apparel,Laptop,967,10,East,Melissa Anderson
2024-03-10,Groceries,Dress,78,10,South,Madeline Howell
2024-03-11,Groceries,T-Shirt,1197,13,West,Stacy Dodson
2024-03-11,Groceries,Vegetables,910,4,South,Lisa Martin
2024-03-12,Groceries,Eggs,1923,3,South,Keith Ayala
2024-03-12,Apparel,Dress,1868,18,South,Lisa Martin
2024-03-12,Electronics,Shoes,297,18,North,Keith Ayala
2024-03-13,Electronics,Tablet,629,5,West,Roger Martinez
2024-03-13,Apparel,Smartphone,229,7,South,Keith Ayala
2024-03-13,Apparel,Eggs,1309,9,South,Stacy Dodson
2024-03-13,Electronics,Dress,728,16,South,Keith Ayala
2024-03-15,Apparel,Jacket,754,12,South,James Johnson
2024-03-16,Apparel,Camera,1592,18,East,Lisa Martin
2024-03-16,Apparel,T-Shirt,415,10,North,Keith Ayala
2024-03-16,Apparel,Milk,607,13,West,Lisa Martin
2024-03-16,Electronics,Camera,1351,17,East,Melissa Anderson
2024-03-17,Apparel,Eggs,421,5,East,James Johnson
2024-03-17,Groceries,Tablet,179,8,West,Melissa Anderson
2024-03-17,Apparel,Eggs,65,11,South,Melissa Anderson
2024-03-18,Groceries,Milk,983,19,South,Stacy Dodson
2024-03-18,Apparel,Laptop,1510,4,West,Stacy Dodson
2024-03-19,Groceries,Tablet,867,7,West,Roger Martinez
2024-03-19,Apparel,Smartphone,627,17,North,Michael Phillips
2024-03-20,Groceries,Dress,1639,12,West,Madeline Howell
2024-03-20,Electronics,Jacket,625,5,West,Amanda Bowman
2024-03-20,Electronics,Bread,890,8,South,Roger Martinez
2024-03-20,Groceries,Milk,228,18,South,Keith Ayala
2024-03-20,Groceries,Tablet,1470,1,East,Stacy Dodson
2024-03-21,Apparel,Headphones,34,7,East,Roger Martinez
2024-03-22,Electronics,Laptop,224,16,West,Roger Martinez
2024-03-22,Groceries,Vegetables,1010,18,East,Stacy Dodson
2024-03-22,Apparel,Headphones,735,7,West,Stacy Dodson
2024-03-23,Apparel,Jacket,68,12,North,Melissa Anderson
2024-03-23,Apparel,Dress,1933,18,South,Melissa Anderson
2024-03-23,Groceries,Bread,576,1,West,James Johnson
2024-03-24,Apparel,T-Shirt,862,8,North,Michael Phillips
2024-03-24,Electronics,Vegetables,663,12,South,Keith Ayala
2024-03-24,Electronics,T-Shirt,1603,3,South,Melissa Anderson
2024-03-24,Apparel,Tablet,1095,11,North,Melissa Anderson
2024-03-25,Apparel,Laptop,1358,13,South,Roger Martinez
2024-03-25,Apparel,Jeans,271,8,East,James Johnson
2024-03-26,Electronics,Laptop,1106,3,North,Keith Ayala
2024-03-28,Apparel,Eggs,1466,18,South,Amanda Bowman
2024-03-28,Apparel,Laptop,1970,11,West,Lisa Martin
2024-03-28,Electronics,Bread,284,17,South,Michael Phillips
2024-03-30,Apparel,Shoes,652,12,North,Roger Martinez
2024-03-30,Groceries,Headphones,308,19,South,Jenna Michael
2024-03-31,Electronics,Camera,653,11,East,Michael Phillips
2024-03-31,Apparel,Bread,1076,3,West,Madeline Howell
2024-03-31,Apparel,Vegetables,1434,17,West,James Johnson
2024-03-31,Electronics,T-Shirt,1702,8,North,Lisa Martin
2024-03-31,Electronics,Camera,1694,4,North,Jenna Michael
2024-04-01,Electronics,Fruits,1857,4,East,James Johnson
2024-04-02,Electronics,Vegetables,1347,9,East,Jenna Michael
2024-04-02,Apparel,Headphones,92,19,South,Amanda Bowman
2024-04-02,Apparel,Dress,1291,11,South,Madeline Howell
2024-04-03,Groceries,Eggs,1683,9,East,Keith Ayala
2024-04-03,Groceries,Smartphone,1526,4,North,Madeline Howell
2024-04-04,Electronics,Jacket,1944,19,North,Lisa Martin
2024-04-05,Apparel,Vegetables,1561,2,East,Jenna Michael
2024-04-05,Apparel,Shoes,349,1,West,Michael Phillips
2024-04-05,Groceries,Milk,1688,3,North,James Johnson
2024-04-05,Electronics,Jeans,543,19,North,Madeline Howell
2024-04-06,Electronics,Shoes,811,5,East,Amanda Bowman
2024-04-06,Groceries,Dress,1040,8,North,Roger Martinez
2024-04-06,Apparel,Tablet,230,16,South,Lisa Martin
2024-04-07,Apparel,Jeans,582,19,North,Keith Ayala
2024-04-07,Groceries,Bread,1582,1,South,Amanda Bowman
2024-04-08,Apparel,Tablet,1737,12,South,Roger Martinez
2024-04-08,Groceries,T-Shirt,28,9,North,Roger Martinez
2024-04-08,Groceries,T-Shirt,751,10,East,Keith Ayala
2024-04-09,Apparel,Laptop,1823,13,North,Madeline Howell
2024-04-09,Groceries,Eggs,641,15,East,Jenna Michael
2024-04-09,Groceries,Milk,1790,5,South,Michael Phillips
2024-04-10,Groceries,Shoes,123,14,East,Michael Phillips
2024-04-10,Apparel,T-Shirt,769,8,East,Jenna Michael
2024-04-10,Groceries,Laptop,1685,11,North,Lisa Martin
2024-04-10,Apparel,Headphones,490,19,East,Stacy Dodson
2024-04-10,Apparel,Milk,1501,19,East,Amanda Bowman
2024-04-10,Apparel,Fruits,602,6,South,Melissa Anderson
2024-04-10,Apparel,Laptop,631,6,West,Keith Ayala
2024-04-10,Apparel,Jacket,125,7,East,Michael Phillips
2024-04-11,Electronics,Vegetables,467,6,South,Michael Phillips
2024-04-11,Apparel,T-Shirt,372,13,West,James Johnson
2024-04-12,Electronics,Eggs,955,11,South,Roger Martinez
2024-04-12,Groceries,Vegetables,1466,11,North,Michael Phillips
2024-04-13,Electronics,Headphones,1779,14,West,Madeline Howell
2024-04-13,Apparel,Jacket,1244,2,West,James Johnson
2024-04-13,Electronics,Jeans,1401,10,South,Lisa Martin
2024-04-14,Apparel,Fruits,1239,8,North,Amanda Bowman
2024-04-14,Groceries,Bread,1649,10,South,Lisa Martin
2024-04-14,Apparel,Eggs,857,15,North,Amanda Bowman
2024-04-15,Apparel,Jeans,1160,11,West,Michael Phillips
2024-04-15,Apparel,T-Shirt,1268,8,East,Jenna Michael
2024-04-16,Groceries,T-Shirt,1858,4,East,Keith Ayala
2024-04-16,Apparel,Shoes,781,13,East,Lisa Martin
2024-04-16,Electronics,Dress,730,11,South,Lisa Martin
2024-04-16,Electronics,Tablet,723,6,West,Keith Ayala
2024-04-16,Apparel,Headphones,206,13,East,Stacy Dodson
2024-04-16,Groceries,Camera,370,19,East,Roger Martinez
2024-04-16,Apparel,Dress,1817,13,East,Madeline Howell
2024-04-16,Groceries,Camera,908,15,West,Amanda Bowman
2024-04-17,Groceries,Shoes,900,12,East,Madeline Howell
2024-04-17,Groceries,Eggs,298,16,West,Amanda Bowman
2024-04-17,Apparel,Camera,1422,4,East,Amanda Bowman
2024-04-17,Electronics,Tablet,304,11,East,Stacy Dodson
2024-04-17,Electronics,T-Shirt,1540,4,East,Keith Ayala
2024-04-17,Apparel,Fruits,1574,6,East,Jenna Michael
2024-04-17,Electronics,T-Shirt,1507,6,East,Stacy Dodson
2024-04-19,Groceries,Tablet,1563,15,South,Michael Phillips
2024-04-19,Apparel,Headphones,902,3,South,Roger Martinez
2024-04-19,Electronics,T-Shirt,396,7,East,Jenna Michael
2024-04-20,Apparel,Vegetables,959,12,South,James Johnson
2024-04-20,Apparel,Vegetables,1606,17,North,James Johnson
2024-04-20,Electronics,Vegetables,259,1,North,Madeline Howell
2024-04-21,Groceries,Jacket,1711,4,South,James Johnson
2024-04-21,Groceries,Milk,1055,8,South,Stacy Dodson
2024-04-21,Electronics,Tablet,312,18,West,Jenna Michael
2024-04-21,Electronics,Headphones,1397,4,North,Stacy Dodson
2024-04-21,Electronics,Headphones,1184,5,East,Madeline Howell
2024-04-22,Apparel,T-Shirt,211,13,West,Stacy Dodson
2024-04-22,Apparel,Vegetables,404,14,West,Keith Ayala
2024-04-22,Electronics,T-Shirt,1742,2,East,Stacy Dodson
2024-04-23,Groceries,Jeans,1969,13,South,Amanda Bowman
2024-04-23,Groceries,Tablet,737,13,East,Amanda Bowman
2024-04-24,Apparel,Eggs,216,7,South,Amanda Bowman
2024-04-24,Apparel,Shoes,813,10,West,Keith Ayala
2024-04-24,Apparel,Jacket,1516,2,East,James Johnson
2024-04-24,Apparel,Laptop,1961,18,East,Lisa Martin
2024-04-24,Electronics,Jacket,1528,14,West,Roger Martinez
2024-04-25,Groceries,Milk,12,11,West,James Johnson
2024-04-25,Electronics,Milk,1122,6,West,Madeline Howell
2024-04-25,Electronics,Headphones,1956,14,East,Keith Ayala
2024-04-26,Groceries,T-Shirt,1902,3,East,Roger Martinez
2024-04-26,Apparel,Camera,949,9,South,Amanda Bowman
2024-04-26,Apparel,Dress,1368,9,South,Jenna Michael
2024-04-26,Apparel,Jeans,1009,17,West,Stacy Dodson
2024-04-26,Groceries,T-Shirt,1337,5,North,Amanda Bowman
2024-04-27,Groceries,Fruits,305,15,East,Amanda Bowman
2024-04-27,Electronics,Eggs,149,15,East,Keith Ayala
2024-04-27,Groceries,Jeans,1446,13,North,Madeline Howell
2024-04-28,Groceries,Jeans,1559,3,North,Lisa Martin
2024-04-28,Groceries,Smartphone,1476,6,West,James Johnson
2024-04-30,Groceries,Shoes,83,7,West,Roger Martinez
2024-04-30,Electronics,Laptop,1890,8,South,Jenna Michael
2024-04-30,Groceries,Camera,1798,5,South,Amanda Bowman
2024-04-30,Electronics,Jeans,1865,19,East,James Johnson
2024-04-30,Groceries,Dress,1072,8,West,James Johnson
2024-04-30,Electronics,Milk,1866,15,South,Madeline Howell
2024-05-01,Electronics,Headphones,1215,19,West,Keith Ayala
2024-05-01,Apparel,Vegetables,1194,12,North,Lisa Martin
2024-05-03,Groceries,Jeans,1607,14,South,Amanda Bowman
2024-05-03,Apparel,Laptop,1777,13,South,Lisa Martin
2024-05-03,Groceries,Smartphone,1570,4,East,Roger Martinez
2024-05-03,Groceries,Dress,1930,8,North,Michael Phillips
2024-05-03,Groceries,Shoes,578,2,South,Roger Martinez
2024-05-03,Electronics,Eggs,1605,15,South,Jenna Michael
2024-05-03,Apparel,Dress,1713,6,West,Melissa Anderson
2024-05-04,Apparel,Bread,262,8,South,Roger Martinez
2024-05-04,Apparel,Jeans,1078,12,East,Amanda Bowman
2024-05-04,Groceries,Jacket,26,10,East,James Johnson
2024-05-05,Electronics,Tablet,148,9,West,James Johnson
2024-05-06,Groceries,T-Shirt,1755,7,West,Keith Ayala
2024-05-06,Electronics,Shoes,569,9,West,James Johnson
2024-05-06,Apparel,Eggs,746,9,North,Stacy Dodson
2024-05-06,Electronics,Tablet,468,4,South,Lisa Martin
2024-05-07,Groceries,Laptop,1418,8,South,Stacy Dodson
2024-05-07,Groceries,Laptop,1280,6,East,Keith Ayala
2024-05-08,Apparel,Jeans,1913,10,West,Stacy Dodson
2024-05-09,Apparel,Vegetables,1081,10,West,Keith Ayala
2024-05-09,Groceries,T-Shirt,580,12,West,Jenna Michael
2024-05-10,Apparel,Dress,812,16,South,Michael Phillips
2024-05-10,Apparel,Laptop,345,10,East,Jenna Michael
2024-05-10,Apparel,Fruits,220,10,East,Amanda Bowman
2024-05-11,Groceries,Eggs,840,5,West,Lisa Martin
2024-05-11,Electronics,Fruits,1503,18,North,Amanda Bowman
2024-05-11,Groceries,Jeans,869,18,West,Amanda Bowman
2024-05-11,Apparel,Smartphone,339,3,North,Roger Martinez
2024-05-11,Apparel,T-Shirt,549,12,North,Michael Phillips
2024-05-11,Apparel,Headphones,1598,8,South,Michael Phillips
2024-05-11,Apparel,Headphones,1303,16,East,James Johnson
2024-05-11,Groceries,Tablet,939,10,East,Amanda Bowman
2024-05-12,Electronics,Dress,55,11,North,Jenna Michael
2024-05-13,Apparel,Bread,1108,16,East,Amanda Bowman
2024-05-14,Electronics,Tablet,1373,14,East,Jenna Michael
2024-05-14,Apparel,Fruits,375,13,East,Madeline Howell
2024-05-14,Apparel,Dress,1177,10,South,Lisa Martin
2024-05-14,Apparel,Jeans,983,3,East,Melissa Anderson
2024-05-15,Groceries,Shoes,293,11,South,James Johnson
2024-05-15,Apparel,Dress,31,1,North,Roger Martinez
2024-05-15,Groceries,Laptop,1639,16,North,Michael Phillips
2024-05-15,Apparel,Smartphone,146,15,South,Stacy Dodson
2024-05-16,Electronics,Dress,668,2,West,Jenna Michael
2024-05-16,Groceries,Dress,244,4,East,Melissa Anderson
2024-05-18,Apparel,Bread,1267,10,East,Keith Ayala
2024-05-20,Electronics,Headphones,1655,6,East,Keith Ayala
2024-05-20,Groceries,Smartphone,82,3,North,Amanda Bowman
2024-05-20,Electronics,Jacket,127,10,North,Amanda Bowman
2024-05-20,Electronics,Camera,393,9,North,Lisa Martin
2024-05-20,Electronics,Camera,1322,14,South,James Johnson
2024-05-20,Apparel,Smartphone,63,2,East,Amanda Bowman
2024-05-20,Groceries,Vegetables,458,3,West,Jenna Michael
2024-05-21,Groceries,Eggs,340,9,North,Michael Phillips
2024-05-22,Electronics,Bread,1158,16,North,James Johnson
2024-05-22,Apparel,Eggs,1834,17,East,Roger Martinez
2024-05-22,Apparel,Vegetables,997,17,East,Michael Phillips
2024-05-22,Apparel,Dress,892,12,South,Stacy Dodson
2024-05-22,Apparel,Smartphone,1117,12,North,Madeline Howell
2024-05-22,Electronics,Smartphone,82,8,South,Keith Ayala
2024-05-22,Groceries,Bread,460,17,North,Michael Phillips
2024-05-22,Groceries,T-Shirt,1210,14,West,James Johnson
2024-05-23,Groceries,Vegetables,1371,1,West,Stacy Dodson
2024-05-23,Groceries,Vegetables,1993,17,North,Stacy Dodson
2024-05-24,Electronics,Smartphone,843,19,East,Lisa Martin
2024-05-24,Apparel,Jeans,745,17,West,Stacy Dodson
2024-05-25,Electronics,Bread,360,1,East,Madeline Howell
2024-05-25,Electronics,Camera,1710,8,South,Melissa Anderson
2024-05-25,Groceries,T-Shirt,514,19,North,Michael Phillips
2024-05-25,Apparel,Jeans,52,8,North,Amanda Bowman
2024-05-26,Apparel,Bread,1715,6,West,Lisa Martin
2024-05-26,Apparel,Eggs,212,16,South,Jenna Michael
2024-05-27,Electronics,Milk,943,14,North,Roger Martinez
2024-05-27,Groceries,Vegetables,1631,13,South,Keith Ayala
2024-05-28,Apparel,Shoes,1145,2,West,Keith Ayala
2024-05-28,Apparel,Milk,1066,8,North,James Johnson
2024-05-28,Apparel,Jacket,885,9,North,Madeline Howell
2024-05-29,Apparel,T-Shirt,934,1,East,Roger Martinez
2024-05-29,Groceries,Fruits,423,7,South,Jenna Michael
2024-05-29,Electronics,Fruits,379,19,West,Madeline Howell
2024-05-29,Apparel,Headphones,1962,7,East,James Johnson
2024-05-29,Apparel,Fruits,578,13,South,Lisa Martin
2024-05-30,Apparel,Headphones,22,17,East,Lisa Martin
2024-05-30,Apparel,Dress,524,14,South,Lisa Martin
2024-05-31,Groceries,Bread,1080,2,North,Jenna Michael
2024-05-31,Apparel,Milk,710,11,West,Stacy Dodson
2024-05-31,Groceries,T-Shirt,1722,12,East,Roger Martinez
2024-05-31,Apparel,Headphones,1447,11,East,Stacy Dodson
2024-06-01,Apparel,Camera,1237,17,North,Madeline Howell
2024-06-02,Groceries,Laptop,1950,8,North,Jenna Michael
2024-06-02,Groceries,Laptop,48,12,North,Amanda Bowman
2024-06-02,Groceries,Fruits,1316,16,South,Jenna Michael
2024-06-02,Groceries,Bread,953,3,North,Roger Martinez
2024-06-02,Electronics,T-Shirt,1708,10,North,Stacy Dodson
2024-06-02,Electronics,Jacket,1884,9,East,Jenna Michael
2024-06-03,Electronics,Vegetables,1954,18,South,Jenna Michael
2024-06-03,Electronics,Camera,1318,6,East,Michael Phillips
2024-06-03,Electronics,Fruits,332,11,North,Keith Ayala
2024-06-03,Groceries,Shoes,1955,8,North,Keith Ayala
2024-06-04,Electronics,Eggs,1544,12,North,Madeline Howell
2024-06-04,Apparel,Bread,904,16,South,Roger Martinez
2024-06-04,Electronics,Milk,538,17,West,Stacy Dodson
2024-06-05,Groceries,Milk,1697,15,South,Roger Martinez
2024-06-05,Electronics,Dress,947,17,West,Lisa Martin
2024-06-05,Groceries,Fruits,1472,17,East,Keith Ayala
2024-06-06,Groceries,Vegetables,1344,7,East,Madeline Howell
2024-06-06,Groceries,Milk,1934,3,West,Madeline Howell
2024-06-06,Apparel,Tablet,1008,8,South,Keith Ayala
2024-06-06,Electronics,Bread,1782,17,West,Lisa Martin
2024-06-06,Groceries,Milk,1471,7,East,Jenna Michael
2024-06-06,Apparel,Jacket,694,10,East,Stacy Dodson
2024-06-07,Apparel,Jeans,1978,10,East,Michael Phillips
2024-06-07,Electronics,Jeans,923,15,South,Roger Martinez
2024-06-08,Electronics,Eggs,767,2,South,Lisa Martin
2024-06-08,Apparel,Fruits,1126,14,North,James Johnson
2024-06-08,Apparel,Smartphone,322,8,North,James Johnson
2024-06-09,Groceries,Milk,443,15,North,Melissa Anderson
2024-06-09,Apparel,Fruits,1197,1,North,Stacy Dodson
2024-06-10,Apparel,Jacket,1514,14,South,Michael Phillips
2024-06-10,Electronics,Smartphone,959,13,West,Madeline Howell
2024-06-10,Electronics,Tablet,1270,6,North,Melissa Anderson
2024-06-10,Electronics,Camera,1033,3,South,Lisa Martin
2024-06-11,Electronics,Dress,842,17,South,Michael Phillips
2024-06-11,Groceries,Tablet,1515,17,South,Stacy Dodson
2024-06-11,Apparel,Camera,1822,12,East,James Johnson
2024-06-11,Electronics,Smartphone,1240,16,East,Amanda Bowman
2024-06-11,Groceries,Tablet,956,8,East,Stacy Dodson
2024-06-13,Electronics,Smartphone,467,1,South,Melissa Anderson
2024-06-13,Groceries,Laptop,1483,10,South,Lisa Martin
2024-06-14,Groceries,Vegetables,831,13,West,Roger Martinez
2024-06-14,Apparel,Jeans,156,9,East,Roger Martinez
2024-06-14,Groceries,Smartphone,348,15,West,Michael Phillips
2024-06-15,Apparel,Smartphone,727,4,West,Jenna Michael
2024-06-15,Apparel,Tablet,216,15,North,Lisa Martin
2024-06-15,Electronics,Eggs,1395,5,East,Melissa Anderson
2024-06-17,Apparel,Jeans,1039,13,East,Jenna Michael
2024-06-17,Apparel,Bread,972,3,East,Amanda Bowman
2024-06-17,Electronics,Bread,106,4,South,Keith Ayala
2024-06-17,Apparel,Shoes,897,19,South,Stacy Dodson
2024-06-17,Apparel,Shoes,1051,10,East,Lisa Martin
2024-06-18,Apparel,Eggs,1115,8,East,Amanda Bowman
2024-06-18,Electronics,Jeans,658,9,South,Lisa Martin
2024-06-19,Groceries,T-Shirt,1368,8,North,Amanda Bowman
2024-06-19,Electronics,Fruits,331,6,South,Jenna Michael
2024-06-20,Groceries,Eggs,34,7,North,Amanda Bowman
2024-06-20,Electronics,Camera,1273,10,North,Jenna Michael
2024-06-20,Electronics,T-Shirt,380,14,North,Michael Phillips
2024-06-21,Groceries,Camera,671,16,West,Michael Phillips
2024-06-21,Apparel,T-Shirt,405,13,West,Madeline Howell
2024-06-21,Apparel,Fruits,1727,6,West,Melissa Anderson
2024-06-21,Groceries,Shoes,1106,8,South,Amanda Bowman
2024-06-22,Groceries,Smartphone,898,19,North,Michael Phillips
2024-06-22,Electronics,Camera,1247,16,West,Madeline Howell
2024-06-22,Groceries,Laptop,265,8,North,Jenna Michael
2024-06-22,Apparel,Tablet,28,15,South,Amanda Bowman
2024-06-23,Electronics,Milk,1459,13,South,Melissa Anderson
2024-06-23,Groceries,Milk,644,16,West,Roger Martinez
2024-06-23,Apparel,Dress,671,15,West,Melissa Anderson
2024-06-24,Electronics,Jacket,1766,7,West,Roger Martinez
2024-06-24,Electronics,Shoes,1708,12,South,Jenna Michael
2024-06-26,Electronics,T-Shirt,1513,14,South,Keith Ayala
2024-06-26,Apparel,T-Shirt,1791,9,West,Melissa Anderson
2024-06-27,Electronics,Jeans,1188,4,South,Keith Ayala
2024-06-27,Apparel,Jeans,1816,15,South,Roger Martinez
2024-06-27,Electronics,Bread,1712,18,West,Stacy Dodson
2024-06-28,Electronics,Tablet,654,5,South,Stacy Dodson
2024-06-28,Groceries,Camera,1731,17,East,Amanda Bowman
2024-06-28,Apparel,Jacket,972,6,West,James Johnson
2024-06-28,Electronics,Jacket,704,1,West,Roger Martinez
2024-06-28,Groceries,T-Shirt,160,16,South,James Johnson
2024-06-28,Apparel,Shoes,1092,13,South,Michael Phillips
2024-06-28,Electronics,Tablet,102,7,North,James Johnson
2024-06-29,Groceries,T-Shirt,1855,13,West,Roger Martinez
2024-06-29,Groceries,Vegetables,1837,14,East,Stacy Dodson
2024-06-29,Electronics,Headphones,866,4,North,James Johnson
2024-06-29,Electronics,Camera,808,6,East,Keith Ayala
2024-06-30,Groceries,Milk,384,12,South,Madeline Howell
2024-06-30,Electronics,Headphones,527,3,East,Roger Martinez
2024-07-01,Electronics,Milk,1568,3,West,Michael Phillips
2024-07-02,Groceries,Milk,328,15,North,Michael Phillips
2024-07-02,Groceries,Jacket,1405,13,East,Melissa Anderson
2024-07-04,Electronics,Laptop,374,6,West,Roger Martinez
2024-07-05,Apparel,Fruits,71,12,South,Melissa Anderson
2024-07-05,Apparel,Headphones,934,6,West,James Johnson
2024-07-05,Groceries,Milk,1759,1,East,Jenna Michael
2024-07-06,Electronics,Headphones,960,17,South,Madeline Howell
2024-07-06,Apparel,Vegetables,1217,4,North,Keith Ayala
2024-07-06,Groceries,Milk,480,12,East,Jenna Michael
2024-07-06,Electronics,Milk,36,15,South,Michael Phillips
2024-07-06,Electronics,Jeans,1662,12,East,Lisa Martin
2024-07-07,Apparel,Vegetables,489,11,South,Keith Ayala
2024-07-07,Apparel,Jeans,570,13,South,Melissa Anderson
2024-07-08,Groceries,Headphones,779,19,South,James Johnson
2024-07-09,Apparel,Bread,718,17,North,James Johnson
2024-07-09,Groceries,Dress,1304,9,East,Lisa Martin
2024-07-10,Electronics,Dress,1103,1,West,James Johnson
2024-07-10,Electronics,Bread,926,12,South,Melissa Anderson
2024-07-10,Electronics,Jacket,165,14,South,Roger Martinez
2024-07-10,Electronics,Headphones,1886,3,East,Keith Ayala
2024-07-10,Electronics,Camera,72,1,West,Keith Ayala
2024-07-11,Electronics,Dress,1328,8,East,Roger Martinez
2024-07-11,Electronics,Shoes,1240,7,West,Keith Ayala
2024-07-11,Electronics,Camera,439,9,North,Lisa Martin
2024-07-12,Apparel,Eggs,203,18,West,Stacy Dodson
2024-07-12,Groceries,Vegetables,1141,5,West,Melissa Anderson
2024-07-13,Electronics,Fruits,934,12,West,Madeline Howell
2024-07-13,Groceries,Dress,787,4,East,Lisa Martin
2024-07-14,Electronics,Eggs,1985,10,North,James Johnson
2024-07-15,Apparel,Eggs,814,12,South,Madeline Howell
2024-07-15,Electronics,Headphones,256,1,West,Stacy Dodson
2024-07-16,Groceries,Camera,1638,14,North,Jenna Michael
2024-07-16,Electronics,Camera,1102,16,East,Amanda Bowman
2024-07-17,Groceries,Tablet,834,10,East,Michael Phillips
2024-07-17,Apparel,T-Shirt,1574,9,South,Roger Martinez
2024-07-17,Groceries,Eggs,681,2,West,Stacy Dodson
2024-07-17,Electronics,T-Shirt,528,14,West,Madeline Howell
2024-07-18,Groceries,Fruits,1746,13,West,Stacy Dodson
2024-07-19,Groceries,Jacket,510,14,East,Amanda Bowman
2024-07-19,Groceries,Headphones,1348,17,East,Melissa Anderson
2024-07-19,Electronics,Milk,1170,5,East,Michael Phillips
2024-07-19,Electronics,Milk,1958,19,West,Madeline Howell
2024-07-20,Groceries,Dress,699,19,North,Jenna Michael
2024-07-20,Groceries,Bread,725,4,South,Lisa Martin
2024-07-20,Groceries,Laptop,323,13,North,Keith Ayala
2024-07-22,Electronics,Shoes,689,9,East,Keith Ayala
2024-07-22,Groceries,Eggs,1484,14,East,Keith Ayala
2024-07-22,Electronics,Eggs,1863,12,North,Amanda Bowman
2024-07-22,Apparel,Vegetables,1201,17,East,Roger Martinez
2024-07-22,Groceries,Smartphone,270,7,North,Michael Phillips
2024-07-23,Groceries,Laptop,1573,3,West,Michael Phillips
2024-07-23,Groceries,Laptop,29,8,East,James Johnson
2024-07-23,Electronics,Tablet,736,14,West,Lisa Martin
2024-07-25,Groceries,Smartphone,1359,10,West,Madeline Howell
2024-07-26,Electronics,Milk,1467,1,East,James Johnson
2024-07-26,Electronics,Jeans,1298,2,South,Lisa Martin
2024-07-26,Electronics,T-Shirt,556,3,South,Roger Martinez
2024-07-26,Groceries,Camera,348,19,West,Melissa Anderson
2024-07-26,Apparel,Eggs,851,6,South,Roger Martinez
2024-07-27,Electronics,T-Shirt,1174,9,East,Melissa Anderson
2024-07-27,Electronics,Vegetables,890,1,East,Jenna Michael
2024-07-28,Apparel,Jacket,1409,8,East,Roger Martinez
2024-07-28,Apparel,Shoes,1074,12,East,Stacy Dodson
2024-07-28,Apparel,Jacket,842,6,East,Lisa Martin
2024-07-28,Electronics,Dress,434,5,West,Melissa Anderson
2024-07-28,Groceries,Shoes,410,4,North,Jenna Michael
2024-07-29,Electronics,T-Shirt,1595,7,South,Roger Martinez
2024-07-29,Apparel,Eggs,1097,12,West,James Johnson
2024-07-29,Electronics,Tablet,1352,4,North,Amanda Bowman
2024-07-29,Electronics,Smartphone,239,16,West,Michael Phillips
2024-07-29,Apparel,Smartphone,1619,5,East,Roger Martinez
2024-07-29,Electronics,Fruits,194,2,South,Amanda Bowman
2024-07-30,Electronics,Shoes,1243,18,West,Amanda Bowman
2024-07-30,Electronics,Dress,63,14,South,Lisa Martin
2024-07-31,Electronics,Shoes,955,15,East,Amanda Bowman
2024-07-31,Groceries,Headphones,671,14,West,Amanda Bowman
2024-07-31,Apparel,Camera,546,15,North,James Johnson
2024-08-01,Apparel,Milk,105,12,East,Lisa Martin
2024-08-02,Groceries,Smartphone,755,12,North,Michael Phillips
2024-08-02,Electronics,Vegetables,1537,15,East,Amanda Bowman
2024-08-02,Electronics,Vegetables,508,6,North,Stacy Dodson
2024-08-03,Groceries,Camera,1024,4,West,Amanda Bowman
2024-08-03,Groceries,T-Shirt,1172,15,North,Lisa Martin
2024-08-03,Apparel,Camera,254,3,West,Keith Ayala
2024-08-04,Groceries,Shoes,91,3,West,James Johnson
2024-08-04,Electronics,Jeans,1106,3,East,Melissa Anderson
2024-08-05,Apparel,Vegetables,874,13,West,James Johnson
2024-08-05,Electronics,Dress,1867,2,East,Jenna Michael
2024-08-06,Groceries,Camera,649,15,South,Stacy Dodson
2024-08-06,Groceries,Headphones,514,5,South,Amanda Bowman
2024-08-06,Groceries,Headphones,509,6,North,Roger Martinez
2024-08-06,Electronics,Dress,1040,18,East,James Johnson
2024-08-07,Groceries,Milk,1778,18,North,James Johnson
2024-08-08,Electronics,Shoes,464,8,West,Amanda Bowman
2024-08-08,Groceries,Shoes,877,6,North,Madeline Howell
2024-08-09,Electronics,Headphones,292,11,North,Melissa Anderson
2024-08-10,Apparel,Shoes,841,16,North,Melissa Anderson
2024-08-11,Electronics,Dress,372,12,South,Michael Phillips
2024-08-11,Apparel,Shoes,1769,18,West,Michael Phillips
2024-08-12,Apparel,Jeans,1130,10,East,Melissa Anderson
2024-08-12,Electronics,Smartphone,789,1,West,Keith Ayala
2024-08-12,Apparel,Laptop,503,3,East,Stacy Dodson
2024-08-12,Electronics,Vegetables,1512,10,South,Madeline Howell
2024-08-13,Groceries,Bread,204,8,South,Melissa Anderson
2024-08-14,Groceries,Jacket,1867,17,East,Lisa Martin
2024-08-14,Groceries,Smartphone,1255,5,East,Amanda Bowman
2024-08-14,Electronics,Smartphone,504,5,South,Amanda Bowman
2024-08-14,Apparel,Fruits,215,7,West,Madeline Howell
2024-08-14,Electronics,Tablet,474,8,North,Lisa Martin
2024-08-15,Electronics,T-Shirt,1297,13,North,Lisa Martin
2024-08-15,Electronics,Jacket,1959,11,South,James Johnson
2024-08-15,Electronics,Tablet,1187,9,East,Keith Ayala
2024-08-15,Electronics,Eggs,1883,16,South,Keith Ayala
2024-08-16,Electronics,Shoes,735,3,East,Roger Martinez
2024-08-16,Groceries,Eggs,1603,12,South,Madeline Howell
2024-08-16,Apparel,Tablet,583,1,South,James Johnson
2024-08-17,Groceries,Jacket,1017,3,North,Lisa Martin
2024-08-17,Electronics,Jeans,541,2,North,Lisa Martin
2024-08-17,Apparel,T-Shirt,323,16,North,Keith Ayala
2024-08-17,Apparel,Jacket,1478,4,South,Jenna Michael
2024-08-17,Electronics,Tablet,70,19,West,Amanda Bowman
2024-08-17,Electronics,Vegetables,1547,17,South,Roger Martinez
2024-08-17,Groceries,Eggs,59,15,South,Michael Phillips
2024-08-18,Apparel,Jeans,941,16,East,Melissa Anderson
2024-08-19,Electronics,Jeans,180,17,East,Stacy Dodson
2024-08-19,Groceries,Eggs,1979,16,North,Michael Phillips
2024-08-20,Apparel,Shoes,595,4,West,Madeline Howell
2024-08-20,Electronics,Tablet,1827,7,South,James Johnson
2024-08-20,Groceries,Vegetables,1639,6,North,Lisa Martin
2024-08-20,Groceries,T-Shirt,202,12,West,Michael Phillips
2024-08-20,Electronics,Camera,70,1,North,Roger Martinez
2024-08-21,Groceries,Smartphone,1783,15,North,Amanda Bowman
2024-08-21,Groceries,Bread,655,9,North,Jenna Michael
2024-08-22,Apparel,T-Shirt,1159,10,West,Roger Martinez
2024-08-22,Electronics,Dress,521,10,North,James Johnson
2024-08-23,Groceries,Shoes,386,1,North,Keith Ayala
2024-08-23,Groceries,Headphones,1389,13,South,James Johnson
2024-08-23,Electronics,Jacket,1540,1,West,Amanda Bowman
2024-08-24,Groceries,Laptop,1385,15,East,Amanda Bowman
2024-08-25,Electronics,Tablet,267,12,South,Madeline Howell
2024-08-25,Apparel,Headphones,344,2,East,Keith Ayala
2024-08-25,Apparel,Fruits,1727,4,South,Roger Martinez
2024-08-25,Apparel,Headphones,1044,9,South,Jenna Michael
2024-08-27,Electronics,Tablet,1787,14,West,James Johnson
2024-08-27,Apparel,Headphones,1695,10,West,Michael Phillips
2024-08-28,Electronics,T-Shirt,388,19,North,Stacy Dodson
2024-08-28,Apparel,Dress,678,13,East,Michael Phillips
2024-08-29,Electronics,Jeans,703,17,North,Stacy Dodson
2024-08-30,Groceries,Jacket,376,18,North,James Johnson
2024-08-31,Electronics,Laptop,964,3,South,Michael Phillips
2024-08-31,Apparel,T-Shirt,527,5,South,Madeline Howell
2024-08-31,Apparel,Smartphone,630,18,East,Amanda Bowman
2024-08-31,Electronics,T-Shirt,1727,12,West,Roger Martinez
2024-08-31,Groceries,Headphones,1002,5,North,Amanda Bowman
2024-08-31,Electronics,Smartphone,1624,19,West,James Johnson
2024-08-31,Electronics,Milk,1246,16,East,Michael Phillips
2024-09-01,Groceries,Tablet,1285,2,South,Amanda Bowman
2024-09-02,Apparel,Jeans,1652,12,South,Madeline Howell
2024-09-02,Apparel,Jeans,494,8,West,Stacy Dodson
2024-09-02,Electronics,Dress,1062,13,West,Keith Ayala
2024-09-02,Apparel,Dress,395,13,East,Keith Ayala
2024-09-02,Apparel,Bread,852,7,North,Michael Phillips
2024-09-03,Groceries,Milk,286,3,North,Amanda Bowman
2024-09-03,Apparel,Eggs,816,15,East,Melissa Anderson
2024-09-03,Groceries,Eggs,592,9,North,Michael Phillips
2024-09-04,Apparel,Vegetables,1607,7,North,Amanda Bowman
2024-09-04,Electronics,Shoes,550,15,East,Stacy Dodson
2024-09-05,Groceries,Eggs,1221,13,North,James Johnson
2024-09-05,Apparel,Headphones,751,8,West,Amanda Bowman
2024-09-06,Apparel,Tablet,1281,11,South,Stacy Dodson
2024-09-06,Electronics,Shoes,340,14,South,Roger Martinez
2024-09-06,Electronics,Camera,800,14,South,Amanda Bowman
2024-09-06,Apparel,Milk,877,10,North,Roger Martinez
2024-09-06,Groceries,Smartphone,1302,13,West,Melissa Anderson
2024-09-07,Electronics,Milk,865,15,East,Lisa Martin
2024-09-07,Electronics,Bread,309,19,West,Melissa Anderson
2024-09-08,Groceries,Fruits,1977,11,South,Lisa Martin
2024-09-08,Electronics,Camera,1045,6,North,Stacy Dodson
2024-09-10,Electronics,Headphones,1748,14,North,Michael Phillips
2024-09-10,Groceries,T-Shirt,1811,17,East,Melissa Anderson
2024-09-10,Electronics,Smartphone,669,10,South,Madeline Howell
2024-09-11,Apparel,T-Shirt,517,19,East,Melissa Anderson
2024-09-11,Groceries,Bread,124,1,West,Roger Martinez
2024-09-11,Groceries,Milk,619,19,North,Amanda Bowman
2024-09-12,Electronics,Milk,1659,15,East,Melissa Anderson
2024-09-12,Apparel,Tablet,826,15,North,Keith Ayala
2024-09-12,Apparel,Smartphone,1930,12,West,Amanda Bowman
2024-09-12,Electronics,Smartphone,723,17,North,Lisa Martin
2024-09-13,Groceries,Camera,1212,4,West,Michael Phillips
2024-09-13,Electronics,Vegetables,1169,10,North,Stacy Dodson
2024-09-13,Electronics,Shoes,1583,19,East,Jenna Michael
2024-09-14,Electronics,Milk,1128,15,North,Jenna Michael
2024-09-14,Apparel,Laptop,276,4,South,Lisa Martin
2024-09-17,Electronics,Dress,1801,7,East,Roger Martinez
2024-09-17,Apparel,Bread,1415,15,East,Keith Ayala
2024-09-19,Groceries,Bread,1125,10,East,Keith Ayala
2024-09-19,Electronics,Vegetables,1921,16,West,Madeline Howell
2024-09-19,Groceries,Shoes,911,3,South,Stacy Dodson
2024-09-19,Electronics,Tablet,523,16,East,Stacy Dodson
2024-09-20,Apparel,Milk,805,5,West,Michael Phillips
2024-09-20,Groceries,Headphones,401,2,West,Lisa Martin
2024-09-21,Apparel,Headphones,1268,1,West,Madeline Howell
2024-09-21,Groceries,T-Shirt,1092,18,East,Roger Martinez
2024-09-21,Apparel,Dress,1388,14,North,Amanda Bowman
2024-09-22,Electronics,Dress,429,7,East,Melissa Anderson
2024-09-22,Electronics,Smartphone,260,8,East,Amanda Bowman
2024-09-22,Electronics,Headphones,1092,12,South,Michael Phillips
2024-09-22,Groceries,Jeans,569,4,West,Jenna Michael
2024-09-22,Groceries,Bread,569,19,East,Amanda Bowman
2024-09-22,Apparel,Bread,397,7,South,Stacy Dodson
2024-09-22,Apparel,Shoes,1458,2,South,Keith Ayala
2024-09-23,Apparel,Vegetables,1969,16,East,Roger Martinez
2024-09-23,Groceries,Vegetables,1624,12,East,Jenna Michael
2024-09-23,Groceries,Headphones,461,5,North,Michael Phillips
2024-09-23,Apparel,Eggs,1607,11,South,Madeline Howell
2024-09-23,Electronics,Jacket,1183,5,West,Stacy Dodson
2024-09-23,Electronics,Eggs,929,7,East,Melissa Anderson
2024-09-23,Electronics,Camera,61,16,West,Roger Martinez
2024-09-24,Groceries,Shoes,399,12,East,Amanda Bowman
2024-09-24,Electronics,Vegetables,499,8,North,Michael Phillips
2024-09-24,Groceries,Milk,393,15,South,Keith Ayala
2024-09-25,Groceries,Fruits,215,12,West,Michael Phillips
2024-09-25,Electronics,Milk,683,14,South,Stacy Dodson
2024-09-25,Apparel,Camera,1445,2,South,Roger Martinez
2024-09-26,Apparel,Jacket,812,14,West,Stacy Dodson
2024-09-26,Electronics,Dress,1825,17,South,Amanda Bowman
2024-09-26,Apparel,Dress,217,18,South,Roger Martinez
2024-09-27,Apparel,Vegetables,741,10,East,Stacy Dodson
2024-09-27,Electronics,Dress,1681,5,East,Melissa Anderson
2024-09-27,Electronics,T-Shirt,326,2,North,Amanda Bowman
2024-09-28,Electronics,Camera,224,7,West,Keith Ayala
2024-09-28,Electronics,Fruits,982,2,East,Lisa Martin
2024-09-28,Electronics,Camera,1272,18,South,Amanda Bowman
2024-09-28,Groceries,Jeans,1655,3,North,Madeline Howell
2024-09-28,Groceries,Eggs,1721,19,East,Madeline Howell
2024-09-28,Electronics,Camera,647,17,North,Madeline Howell
2024-09-29,Groceries,Shoes,150,17,South,James Johnson
2024-09-29,Electronics,Eggs,1719,14,West,Melissa Anderson
2024-09-29,Groceries,Smartphone,392,10,North,Keith Ayala
2024-09-29,Groceries,Shoes,1399,8,North,Michael Phillips
2024-09-30,Groceries,Fruits,1374,17,South,James Johnson
2024-09-30,Groceries,Dress,1873,11,South,Michael Phillips
2024-09-30,Electronics,Bread,1884,6,East,Madeline Howell
2024-10-01,Groceries,Bread,1073,18,South,Amanda Bowman
2024-10-01,Groceries,Fruits,248,16,North,James Johnson
2024-10-03,Apparel,Bread,1652,17,North,Madeline Howell
2024-10-03,Electronics,Jeans,423,11,North,Michael Phillips
2024-10-04,Apparel,T-Shirt,109,9,South,Keith Ayala
2024-10-04,Apparel,Bread,301,10,East,Roger Martinez
2024-10-04,Electronics,Milk,473,2,North,James Johnson
2024-10-04,Apparel,Jacket,667,15,North,Lisa Martin
2024-10-04,Electronics,Dress,1485,11,West,Lisa Martin
2024-10-05,Groceries,Fruits,184,2,North,Melissa Anderson
2024-10-06,Apparel,Headphones,951,19,East,Lisa Martin
2024-10-06,Electronics,Jacket,1833,2,East,Amanda Bowman
2024-10-07,Electronics,Dress,205,12,East,Roger Martinez
2024-10-07,Groceries,Milk,1625,7,North,Madeline Howell
2024-10-07,Electronics,Jacket,175,1,East,Keith Ayala
2024-10-07,Groceries,Headphones,902,16,West,Jenna Michael
2024-10-07,Electronics,Milk,146,4,East,Roger Martinez
2024-10-07,Electronics,Headphones,1434,4,South,Stacy Dodson
2024-10-08,Groceries,Smartphone,526,10,East,Amanda Bowman
2024-10-08,Groceries,Jeans,1082,19,West,Melissa Anderson
2024-10-08,Electronics,Fruits,198,3,West,Michael Phillips
2024-10-08,Electronics,Shoes,1940,16,North,Amanda Bowman
2024-10-08,Apparel,Tablet,1255,11,West,Keith Ayala
2024-10-11,Electronics,Eggs,78,13,South,James Johnson
2024-10-12,Electronics,Jacket,1240,11,East,Madeline Howell
2024-10-12,Electronics,Camera,1905,13,East,Amanda Bowman
2024-10-12,Groceries,Eggs,1789,19,South,James Johnson
2024-10-12,Apparel,Eggs,137,16,North,Keith Ayala
2024-10-13,Electronics,Eggs,838,16,North,Madeline Howell
2024-10-13,Electronics,Jacket,310,8,West,Roger Martinez
2024-10-13,Electronics,Laptop,1029,3,North,Roger Martinez
2024-10-14,Groceries,Jacket,606,18,West,Keith Ayala
2024-10-14,Apparel,Camera,924,1,South,Keith Ayala
2024-10-14,Electronics,Headphones,811,18,West,Amanda Bowman
2024-10-14,Apparel,Camera,1469,13,South,James Johnson
2024-10-15,Groceries,Milk,314,2,East,Amanda Bowman
2024-10-15,Electronics,Tablet,1220,1,North,Madeline Howell
2024-10-16,Groceries,Dress,1924,17,North,Stacy Dodson
2024-10-16,Groceries,Fruits,1855,7,South,Stacy Dodson
2024-10-16,Electronics,Milk,77,14,West,Amanda Bowman
2024-10-16,Apparel,Jacket,1208,10,West,Michael Phillips
2024-10-16,Electronics,Vegetables,725,4,North,Michael Phillips
2024-10-16,Electronics,Laptop,517,1,West,Amanda Bowman
2024-10-16,Groceries,T-Shirt,1537,17,North,Lisa Martin
2024-10-17,Electronics,Camera,480,14,South,Melissa Anderson
2024-10-17,Electronics,Milk,1442,4,West,Lisa Martin
2024-10-17,Electronics,Headphones,1869,6,West,James Johnson
2024-10-17,Groceries,Jacket,659,8,North,Melissa Anderson
2024-10-17,Electronics,Eggs,518,18,East,Roger Martinez
2024-10-17,Groceries,Laptop,803,16,East,James Johnson
2024-10-18,Groceries,Dress,163,15,North,Melissa Anderson
2024-10-19,Apparel,Smartphone,847,3,West,Michael Phillips
2024-10-19,Electronics,T-Shirt,292,14,South,Lisa Martin
2024-10-19,Apparel,Dress,558,5,East,Amanda Bowman
2024-10-19,Groceries,Fruits,725,18,West,Madeline Howell
2024-10-19,Groceries,T-Shirt,948,18,North,Madeline Howell
2024-10-19,Groceries,Jeans,213,15,South,Roger Martinez
2024-10-19,Groceries,Jacket,1036,6,North,Madeline Howell
2024-10-20,Apparel,Dress,1712,14,West,Lisa Martin
2024-10-21,Groceries,Tablet,927,13,North,Roger Martinez
2024-10-21,Electronics,Jeans,1617,2,South,Lisa Martin
2024-10-21,Apparel,Vegetables,459,15,West,Roger Martinez
2024-10-22,Apparel,Camera,1289,11,North,Keith Ayala
2024-10-22,Apparel,Vegetables,1101,6,East,Michael Phillips
2024-10-22,Electronics,Laptop,1021,7,West,James Johnson
2024-10-22,Electronics,Camera,1513,15,South,Melissa Anderson
2024-10-22,Electronics,Headphones,577,2,North,Stacy Dodson
2024-10-22,Groceries,Eggs,86,10,South,Roger Martinez
2024-10-23,Groceries,Camera,849,11,South,Michael Phillips
2024-10-23,Electronics,Smartphone,1991,14,North,James Johnson
2024-10-23,Apparel,Jacket,1957,13,East,Roger Martinez
2024-10-23,Groceries,Fruits,911,1,North,Lisa Martin
2024-10-24,Apparel,T-Shirt,830,12,North,Michael Phillips
2024-10-25,Groceries,Vegetables,743,5,East,James Johnson
2024-10-25,Apparel,Jacket,85,7,South,Michael Phillips
2024-10-25,Electronics,Vegetables,760,12,South,Keith Ayala
2024-10-25,Groceries,Shoes,1240,4,West,Jenna Michael
2024-10-28,Electronics,Milk,1917,10,North,Melissa Anderson
2024-10-28,Electronics,Milk,1809,4,East,Lisa Martin
2024-10-28,Groceries,Milk,275,15,West,Lisa Martin
2024-10-29,Electronics,Smartphone,954,6,West,Keith Ayala
2024-10-30,Groceries,Laptop,102,18,East,Jenna Michael
2024-10-31,Electronics,Smartphone,202,5,North,Keith Ayala
2024-10-31,Apparel,Milk,1342,13,East,Melissa Anderson
2024-11-01,Groceries,Laptop,1433,8,South,Stacy Dodson
2024-11-01,Groceries,Vegetables,1351,16,East,Amanda Bowman
2024-11-01,Apparel,Milk,298,10,East,Madeline Howell
2024-11-02,Electronics,Bread,927,14,North,James Johnson
2024-11-02,Groceries,Jeans,1609,5,North,Michael Phillips
2024-11-03,Electronics,Fruits,28,15,East,Melissa Anderson
2024-11-03,Electronics,Smartphone,99,18,North,James Johnson
2024-11-04,Apparel,Jeans,896,16,South,Jenna Michael
2024-11-04,Apparel,Vegetables,127,18,North,Amanda Bowman
2024-11-05,Groceries,Dress,425,5,North,Amanda Bowman
2024-11-05,Groceries,Milk,826,6,East,Melissa Anderson
2024-11-06,Apparel,T-Shirt,1447,11,East,Madeline Howell
2024-11-06,Electronics,Smartphone,1020,13,North,Lisa Martin
2024-11-08,Electronics,Shoes,499,14,North,Lisa Martin
2024-11-09,Apparel,T-Shirt,853,12,East,Roger Martinez
2024-11-09,Apparel,Camera,179,8,West,Michael Phillips
2024-11-09,Apparel,Camera,1953,16,North,James Johnson
2024-11-09,Electronics,Jacket,113,8,East,Amanda Bowman
2024-11-09,Apparel,Milk,413,13,South,Amanda Bowman
2024-11-11,Electronics,Fruits,1358,4,West,Stacy Dodson
2024-11-11,Apparel,Headphones,1726,7,South,Madeline Howell
2024-11-11,Apparel,T-Shirt,832,13,West,Lisa Martin
2024-11-12,Apparel,Smartphone,1234,8,West,Michael Phillips
2024-11-12,Groceries,Bread,1892,19,North,Stacy Dodson
2024-11-12,Groceries,Tablet,1608,10,East,Madeline Howell
2024-11-14,Electronics,Eggs,1616,5,East,Michael Phillips
2024-11-14,Electronics,Shoes,399,10,North,Stacy Dodson
2024-11-14,Electronics,Dress,1157,14,West,Stacy Dodson
2024-11-15,Electronics,Shoes,422,3,South,Melissa Anderson
2024-11-15,Groceries,Jeans,147,14,East,Lisa Martin
2024-11-15,Apparel,Eggs,1698,17,West,Roger Martinez
2024-11-16,Groceries,Milk,625,1,North,Keith Ayala
2024-11-16,Groceries,Dress,434,11,East,Jenna Michael
2024-11-16,Apparel,Laptop,1475,19,North,Madeline Howell
2024-11-16,Electronics,Vegetables,971,13,East,Keith Ayala
2024-11-16,Electronics,Dress,1224,4,West,Melissa Anderson
2024-11-16,Groceries,Milk,668,2,East,Jenna Michael
2024-11-17,Apparel,Headphones,396,5,South,Michael Phillips
2024-11-18,Electronics,Smartphone,879,6,East,Keith Ayala
2024-11-19,Groceries,Headphones,907,18,West,Madeline Howell
2024-11-19,Apparel,Smartphone,1764,3,South,James Johnson
2024-11-20,Apparel,T-Shirt,628,4,South,Melissa Anderson
2024-11-20,Apparel,Tablet,30,15,North,Lisa Martin
2024-11-20,Apparel,Milk,221,18,South,Keith Ayala
2024-11-21,Apparel,Jeans,1124,2,South,Lisa Martin
2024-11-21,Apparel,Vegetables,1632,5,South,Lisa Martin
2024-11-21,Groceries,Shoes,1583,2,North,James Johnson
2024-11-22,Groceries,Smartphone,834,4,South,Roger Martinez
2024-11-22,Groceries,Bread,1957,9,East,Amanda Bowman
2024-11-22,Groceries,Shoes,1348,15,South,Melissa Anderson
2024-11-22,Groceries,Smartphone,412,17,West,Keith Ayala
2024-11-22,Electronics,Jeans,1914,7,East,Keith Ayala
2024-11-23,Groceries,Dress,1136,14,North,Melissa Anderson
2024-11-23,Electronics,Jeans,855,13,North,Jenna Michael
2024-11-24,Apparel,Tablet,464,6,North,Madeline Howell
2024-11-24,Groceries,Jeans,1241,3,North,Amanda Bowman
2024-11-24,Electronics,Tablet,1351,12,East,Madeline Howell
2024-11-24,Groceries,Tablet,1606,19,West,Melissa Anderson
2024-11-25,Electronics,Headphones,96,2,North,Jenna Michael
2024-11-25,Electronics,Tablet,1028,9,East,Amanda Bowman
2024-11-25,Apparel,Bread,101,5,West,Michael Phillips
2024-11-26,Groceries,Milk,687,14,South,James Johnson
2024-11-26,Electronics,Dress,1433,2,North,Stacy Dodson
2024-11-27,Apparel,Fruits,1486,15,East,Jenna Michael
2024-11-27,Groceries,Smartphone,1754,9,North,Melissa Anderson
2024-11-27,Groceries,Camera,730,3,West,Amanda Bowman
2024-11-28,Groceries,Jeans,1369,7,West,Keith Ayala
2024-11-28,Electronics,Milk,1437,11,South,Madeline Howell
2024-11-30,Groceries,Smartphone,1302,13,West,Jenna Michael
2024-11-30,Apparel,Jeans,53,8,East,Lisa Martin
2024-11-30,Apparel,Milk,1571,19,North,Jenna Michael
2024-11-30,Electronics,Laptop,1818,16,North,Lisa Martin
2024-12-01,Groceries,Laptop,584,16,South,Amanda Bowman
2024-12-01,Apparel,Jeans,653,4,North,Lisa Martin
2024-12-01,Apparel,T-Shirt,778,6,South,Melissa Anderson
2024-12-01,Groceries,Shoes,1270,19,East,Jenna Michael
2024-12-01,Apparel,T-Shirt,580,12,South,Amanda Bowman
2024-12-01,Electronics,Smartphone,541,6,East,Amanda Bowman
2024-12-02,Apparel,Milk,508,14,North,Keith Ayala
2024-12-02,Groceries,Dress,1629,4,East,Amanda Bowman
2024-12-02,Apparel,Vegetables,912,2,South,Jenna Michael
2024-12-03,Apparel,Headphones,1996,15,West,Madeline Howell
2024-12-03,Groceries,Bread,1281,10,West,Keith Ayala
2024-12-03,Groceries,Shoes,1041,10,East,Lisa Martin
2024-12-03,Electronics,Dress,1476,1,North,Jenna Michael
2024-12-04,Electronics,Fruits,1786,13,West,Stacy Dodson
2024-12-04,Electronics,Jeans,239,8,South,Keith Ayala
